511	
911	Age 12-14,Age 15-19,Age 20-24
912	Age 25-29,Age 30-34,Age 35-39,Age 40-44
913	Age 45-49,Age 50-54,Age 55-59
909	Male
910	Female
35055	
102178	
102967	Ravon
35076	Suzuki owners
35058	Audi
35059	BMW owners
35061	Chevrolet
35063	Ford owners
35064	Honda owners
35065	Hyundai owners
35066	Kia owners
35067	Lexus
102968	Mercedes owners
35069	Mitsubishi owners
35070	Nissan owners
100006	Peugeot owners
35072	Renault owners
35075	Subaru owners
35077	Toyota owners
35078	Volkswagen
84306	Volvo
35071	Opel owners
35073	Skoda
35056	LADA
102969	UAZ owners
35057	GAZ
102970	Aston Martin
84307	Mazda
102980	Acura owners
35068	Lifan owners
102989	Alfa Romeo
102994	Jaguar owners
102995	LandRover owners
102996	Fiat owners
102997	Bentley owners
102998	Bugatti
103003	Buick owners
103005	Ferrari
103006	Cadillac owners
103007	Chrysler owners
103008	Citroen
35060	Chery
35062	Daewoo owners
103009	Dodge owners
103010	GMC owners
103019	Hummer owners
103020	Infiniti
103021	Isuzu owners
103025	Jeep owners
103026	Lamborghini owners
103027	Lancia
103028	Lincoln
103029	Maserati owners
103030	Maybach
103031	Mercury
103032	Mini owners
103039	Pontiac
103044	Porsche
103045	Rolls-Royce owners
103046	Saab owners
103047	Saturn
103048	Scion
103049	SEAT
35074	SsangYoung owners
103050	Izh auto
100089	Moskvich
103051	TagAZ
103052	Datsun
102179	
35124	Dealer centers
102966	Hybrid and electric vehicles
102965	Trailers and recreational vehicles
102964	Sports cars
100025	Minivans
100091	American cars
95570	American cars
95569	American cars
95568	American cars
95567	American cars
95566	American cars
95565	American cars
95564	American cars
100092	European cars
95710	European cars
95709	European cars
95708	European cars
95707	European cars
95706	European cars
95704	European cars
95703	European cars
100093	Chinese cars
102760	Chinese cars
102761	Chinese cars
102762	Chinese cars
102763	Chinese cars
102764	Chinese cars
102765	Chinese cars
102766	Chinese cars
100094	Domestic cars
95580	Domestic cars
95579	Domestic cars
95578	Domestic cars
95577	Domestic cars
95576	Domestic cars
95575	Domestic cars
95574	Domestic cars
100095	South Korean cars
95934	South Korean cars
95933	South Korean cars
95932	South Korean cars
95931	South Korean cars
95930	South Korean cars
95929	South Korean cars
102080	South Korean cars
100096	Japanese cars
95938	Japanese cars
95935	Japanese cars
95939	Japanese cars
95936	Japanese cars
95937	Japanese cars
102081	Japanese cars
102082	Japanese cars
102181	
102096	Buyers / low price segment
102097	Buyers / low price segment
102098	Buyers / low price segment
102099	Buyers / low price segment
102100	Buyers / low price segment
102101	Buyers / low price segment
102102	Buyers / low price segment
102831	American cars
100026	SUVs
100028	European cars
95723	European cars
95719	European cars
95724	European cars
95718	European cars
95722	European cars
95721	European cars
95720	European cars
102832	Chinese cars
100027	Crossovers
100097	Domestic cars
100029	South Korean cars
100030	Japanese cars
102182	
102104	Buyers / mid-price segment
102105	Buyers / mid-price segment
102106	Buyers / mid-price segment
102107	Buyers / mid-price segment
102108	Buyers / mid-price segment
102109	Buyers / mid-price segment
102110	Buyers / mid-price segment
102833	American cars
100031	SUVs
100033	European cars
95746	European cars
95744	European cars
95743	European cars
95742	European cars
95741	European cars
95740	European cars
95738	European cars
102834	Chinese cars
102087	Chinese cars
102088	Chinese cars
95751	Chinese cars
95750	Chinese cars
102089	Chinese cars
102091	Chinese cars
102092	Chinese cars
100032	Crossovers
100034	South Korean cars
100035	Japanese cars
95926	Japanese cars
95925	Japanese cars
95924	Japanese cars
95927	Japanese cars
95923	Japanese cars
95922	Japanese cars
95921	Japanese cars
102183	
102112	Buyers / high price segment
102113	Buyers / high price segment
102114	Buyers / high price segment
102115	Buyers / high price segment
102116	Buyers / high price segment
102117	Buyers / high price segment
102118	Buyers / high price segment
100036	SUVs
102128	SUVs
102129	SUVs
102130	SUVs
102131	SUVs
102132	SUVs
102133	SUVs
102135	SUVs
100038	European cars
102075	European cars
102076	European cars
95679	European cars
95678	European cars
102077	European cars
102078	European cars
102079	European cars
100037	Crossovers
100039	South Korean cars
100040	Japanese cars
95694	Japanese cars
95692	Japanese cars
95695	Japanese cars
95690	Japanese cars
95697	Japanese cars
95696	Japanese cars
95693	Japanese cars
102185	
102120	Buyers / premium price segment
102121	Buyers / premium price segment
102122	Buyers / premium price segment
102123	Buyers / premium price segment
102124	Buyers / premium price segment
102125	Buyers / premium price segment
102126	Buyers / premium price segment
102835	American cars
100041	SUVs
100043	European cars
95640	European cars
95639	European cars
95638	European cars
95637	European cars
95636	European cars
95635	European cars
95634	European cars
100042	Crossovers
100044	Japanese cars
102083	Japanese cars
102084	Japanese cars
95683	Japanese cars
95681	Japanese cars
95682	Japanese cars
102085	Japanese cars
102086	Japanese cars
102186	
95572	Used cars
35125	Car Sales Database
102836	Cost up to 200,000 rubles.
102837	Cost 200,000 - 500,000 rubles
102838	Cost 500,000 - 1,000,000 rubles
100045	Cost from 1 million rubles
102187	
103103	Selling your car
102189	
35091	Leasing
136714	Leasing
35086	Manufacturers and dealers
102093	Manufacturers and dealers
102136	Manufacturers and dealers
95562	Manufacturers and dealers
95559	Manufacturers and dealers
95561	Manufacturers and dealers
95560	Manufacturers and dealers
102094	Manufacturers and dealers
35120	Auto service and parts
102190	
35080	Water transport
100098	Air Transport
35085	Motorcycles
84312	Scooters and mopeds
100099	ATV, snowmobile and other
100100	Related products for motor vehicles
100101	Related products for water transport
102191	
35089	Auto press readers
35079	Auto literature leaners
35087	Autocommunities
35090	Traffic Regulations
102192	
84305	Driving Schools and Courses
99995	Parking
100102	GPS and navigation
35123	Wheels and tires
95835	Wheels and tires
95836	Wheels and tires
99993	Car interior
35121	Chemicals and car care products
35122	Auto electronics
140550	Auto electronics
35081	Auto parts store
95838	Auto parts store
95839	Auto parts store
95840	Auto parts store
95841	Auto parts store
100104	Engine and transmission
100105	Service and car repair
95843	Service and car repair
95844	Service and car repair
84294	Security systems
35088	Auto tuning fans
100106	Fuels and lubricants
95846	Fuels and lubricants
95847	Fuels and lubricants
100012	Car lights
100107	Auto accessories
100108	Car repair tools
35434	
102193	
35453	Other business info
100109	Companies directory
84301	Franchising
84303	Professional exhibitions
35445	Interested in economic news
84309	Interested in public procurement and tenders
100111	Taxes
102194	
100112	Business equipment
100010	Business and Office Supply
35455	Stationery
100113	Office furniture
140559	Office furniture
140560	Office furniture
102195	
102839	Outsourcing
35439	Interested in consulting services
99992	Office services
138376	Ready-made business / franchises
138378	Independent inventory
138377	Auditing services
35446	Legal
95361	Legal
95362	Legal
84302	Customs services
84304	Telecommunications
95261	Telecommunications
95263	Telecommunications
102840	Water delivery
35126	
35150	Hypermarkets of electronics and household appliances
95402	Hypermarkets of electronics and household appliances
95401	Hypermarkets of electronics and household appliances
95403	Hypermarkets of electronics and household appliances
138368	Repair & installation of household appliances
35128	Service maintenance
102196	
35463	Beauty devices
136695	Beauty devices
136696	Beauty devices
136697	Beauty devices
136693	Beauty devices
136694	Beauty devices
102147	Beauty devices
102148	Beauty devices
102149	Beauty devices
35135	Air conditioning equipment
95419	Air conditioning equipment
102142	Air conditioning equipment
102141	Air conditioning equipment
140593	Boilers
35137	Large household appliances buyers
95425	Large household appliances buyers
95424	Large household appliances buyers
102143	Large household appliances buyers
84299	Small household appliances buyers
100009	Telephone set

35144	Washing machines
136685	Washing machines
35146	Televisions
136689	Televisions
136688	Televisions
136687	Televisions
35143	Satellite television
95431	Satellite television
102144	Satellite television
102146	Satellite television
35142	Vacuum cleaners
136683	Vacuum cleaners
136679	Vacuum cleaners
136682	Vacuum cleaners
136681	Vacuum cleaners
136680	Vacuum cleaners
35147	Irons
100020	Accessories for large household appliances
100021	Accessories for small household appliances
102197	
35138	Small Kitchen Appliances
95429	Small Kitchen Appliances
95427	Small Kitchen Appliances
95428	Small Kitchen Appliances
35149	Refrigerators and freezers
136703	Refrigerators and freezers
136702	Refrigerators and freezers
140552	Refrigerators and freezers
84295	Dishwashing machines
84296	Kitchen stove
136670	Kitchen stove
136671	Kitchen stove
136672	Kitchen stove
136673	Kitchen stove
140551	Kitchen stove
35134	Built-in appliances
136648	Built-in appliances
136647	Built-in appliances
139517	Built-in appliances
35139	Multi-cookers
35133	Blenders
35136	Coffee makers
	Coffee machines
136628	Кофемашины
136630	Кофемашины
136629	Кофемашины
136627	Кофемашины
84298	Microwaves
100114	Small Kitchen Appliance Accessories
102199	
35132	Audio
35145	Television and video equipment
35148	Photo and video cameras
136641	Photo and video cameras
136643	Photo and video cameras
136639	Photo and video cameras
136642	Photo and video cameras
136640	Photo and video cameras
84300	Media players
136660	Media players
35130	TV and video accessories
35131	Accessories for photo and video cameras
100022	Audio accessories
84297	Headphones
136666	Headphones
136668	Headphones
136665	Headphones
136667	Headphones
138380	Headphones
102200	
35234	Game systems and consoles
136650	Game systems and consoles
136651	Game systems and consoles
35242	Tablets and E-readers
35129	Handicraft devices
136700	Handicraft devices
136699	Handicraft devices
35141	Portable electronic devices
139518	Portable electronic devices
136675	Portable electronic devices
136677	Portable electronic devices
136676	Portable electronic devices
102201	
100115	Products for power supply
100116	Batteries
35151	
35155	Interested in commercial trucking
138101	Interested in commercial trucking
138100	Interested in commercial trucking
95957	Interested in commercial trucking
96260	Interested in commercial trucking
95956	Interested in commercial trucking
95955	Interested in commercial trucking
35153	Interested in delivery of mail and parcels
95958	Interested in delivery of mail and parcels
102216	Interested in delivery of mail and parcels
102223	Interested in delivery of mail and parcels
102230	Interested in delivery of mail and parcels
35154	Rail transportation
100117	Shipping
138102	International transportation
100118	Warehouse and individual storage
35157	Information on transportation and logistics
35182	
102202	
100120	Domestic services
140556	Domestic services
35185	Bathroom
35183	Interior design
100121	Carpets
35192	Electrical and Lighting
95557	Electrical and Lighting
102166	Electrical and Lighting
95555	Electrical and Lighting
95556	Electrical and Lighting
102165	Electrical and Lighting
140577	Stoves and fireplaces
35189	Textile
95552	Textile
95553	Textile
95550	Textile
95551	Textile
102167	Textile
84291	Filters and water purifiers
35190	Kitchen utensils and dishes
102164	Kitchen utensils and dishes
102163	Kitchen utensils and dishes
102162	Kitchen utensils and dishes
102161	Kitchen utensils and dishes
102160	Kitchen utensils and dishes
35426	Interested in heating systems
35428	Plumbing
95547	Plumbing
95548	Plumbing
95544	Plumbing
95546	Plumbing
95545	Plumbing
100122	Exterior Home Improvement
35194	Household goods
100123	Storage systems
100124	Home Economics Tips
102204	
35187	Bedroom
35197	Furniture hypermarkets
95809	Furniture hypermarkets
95810	Furniture hypermarkets
95813	Furniture hypermarkets
95812	Furniture hypermarkets
95811	Furniture hypermarkets
35191	Upholstered furniture
140566	Upholstered furniture
140567	Upholstered furniture
140568	Upholstered furniture
140569	Upholstered furniture
100125	Tables and chairs
35196	Cabinets
35186	Kitchen equipment
140563	Kitchen equipment
140564	Kitchen equipment
140574	Kitchen equipment
95803	Kitchen equipment
95804	Kitchen equipment
95805	Kitchen equipment
95806	Kitchen equipment
95807	Kitchen equipment
100126	Furniture fittings
100127	Living room
100128	Hallway
100129	Chests of drawers and cabinets
140575	Furniture repair and restoration
102205	
95540	Garden
95541	Garden
95542	Garden
102168	Garden
102169	Garden
100130	Information for gardeners
35184	Landscape design
100131	Services for gardeners
35195	Household goods for gardeners
100156	Animal husbandry

35420	Structures for a garden and a country house
35193	Gardening equipment
100157	Garden tools
35188	Planting materials
100158	Garden and outdoor furniture
35198	
35204	Goods and services for animals
96254	Goods and services for animals
96255	Goods and services for animals
96219	Goods and services for animals
96218	Goods and services for animals
139528	Goods and services for animals
139529	Goods and services for animals
35199	Decorative dogs
35200	Cats
35201	Dogs
84313	Birds
84314	Aquarium fish
100159	Other animals
35203	Veterinary
136722	Veterinary
139526	Pet clubs, kennels
35202	Platforms for communication
35213	
35226	Game resources
102206	
100160	3D shooters, adventure games, fighting games
35215	Browser games
96207	Browser games
102841	Music games
35225	Role-playing games (RPG, MMORPG)
35216	Simulators
35217	Strategies
102842	Text games
35218	Arcade
100161	Counter Strike
100007	GTA
100162	Lineage II
100163	Perfect World
100164	World of Warcraft
100165	Minecraft
100166	World of Tanks
102843	Erotic games
100167	Licensed Games
35224	Board computer games
102207	
100168	Board games
35219	Puzzle, logic games
35221	Quests
35214	Gambling players
35220	Children Games
35222	Crosswords
35223	Mini-games
35227	
35228	Computer hypermarkets
96247	Computer hypermarkets
96249	Computer hypermarkets
96250	Computer hypermarkets
100169	Information about computer hardware
35229	Computer help
35237	Laptops
102844	Servers
35235	Enclosures and power supplies
102845	Computer literature
35238	Tablets 
102208	
35239	Consumables
35241	Flash drives, memory cards, card readers
100170	Laptop accessories
35240	Related products
35236	Mice and keyboards
100023	Input Devices
102209	
35233	Sound and video cards
100171	Monitors
100172	Network hardware
35232	Hard drives
100173	Desktops
100174	Processors
100175	Motherboards
100176	RAM
100177	UPS
100178	Cooling systems
102846	TV tuners and video capture
102210	
35230	Peripherals
100179	Printers
99994	Scanners
100024	3D printers
35456	
35244	Diet and Fitness
35457	Cosmetology
100180	SPA
35464	Beauty and hairdressing salons
100181	Stylists and image makers
35458	Tattoo & Piercing
35465	Hair Care
95898	Hair Care
95962	Hair Care
35466	Skin Care
35467	Nails care
35468	Self-care at home
35247	Plastic surgery
35396	Healthy lifestyle
84286	Epilation and depilation
102211	
35459	Decorative cosmetics
95892	Decorative cosmetics
95893	Decorative cosmetics
95896	Decorative cosmetics
95906	Decorative cosmetics
95961	Decorative cosmetics
95907	Decorative cosmetics
95894	Decorative cosmetics
35460	Perfume and perfumery
35461	Professional cosmetics
84287	Care cosmetics
95904	Care cosmetics
95899	Care cosmetics
95903	Care cosmetics
95905	Care cosmetics
35462	Hygiene products
95897	Hygiene products
103073	Accessories
100015	Shaving products
35243	
35253	Online consultations of specialists
35245	Interested in folk medicine
35246	Alternative medicine
136753	Alternative medicine
100182	Professional platforms for communication
102847	References and medical commissions
35251	Analyzes
35256	Medical institutions
95820	Medical institutions
95821	Medical institutions
95822	Medical institutions
95823	Medical institutions
136733	Medical institutions
136736	Medical institutions
136734	Medical institutions
136738	Medical institutions
136735	Medical institutions
136737	Medical institutions
136787	Medical institutions
136795	Medical institutions
136785	Medical institutions
136790	Medical institutions
136786	Medical institutions
136792	Medical institutions
136789	Medical institutions
136796	Medical institutions
136794	Medical institutions
136791	Medical institutions
136797	Medical institutions
136782	Medical institutions
136783	Medical institutions
100183	Urgent Care
35248	Specialized medical care
136742	Specialized medical care
136745	Cleansing the body
136746	Patronage services
35250	Medical resources
102212	
35254	Dentistry
136750	Dentistry
100184	Psychology and psychiatry
136771	Psychology and psychiatry
136772	Psychology and psychiatry
100185	Gynecology
136757	Gynecology
100187	Gastroenterology and Hepatology
136754	Gastroenterology and Hepatology
100188	Cardiovascular diseases
136760	Cardiovascular diseases
100189	Orthopedics and Traumatology
136768	Orthopedics and Traumatology
136774	Orthopedics and Traumatology
100190	Ophthalmology
136743	Ophthalmology
136769	Ophthalmology
100191	Pediatrics
100192	Oncology
136767	Oncology
100193	Colds and viral diseases
136759	Colds and viral diseases
100194	Allergology
136751	Allergology
100195	Dermatology
136758	Dermatology
136778	Dermatology
100196	Endocrinology
100197	Urology
100198	Varicose veins and vein diseases
136761	Varicose veins and vein diseases
100199	Otolaryngology
100061	Neurology
136764	Neurology
100062	Hematology
136755	Hematology
103067	Genetic diseases
136756	Genetic diseases
100063	Respiratory system diseases
102213	
35252	Pharmacy
95818	Pharmacy
95816	Pharmacy
95817	Pharmacy
95815	Pharmacy
100200	Opticians
95828	Opticians
95827	Opticians
95826	Opticians
95825	Opticians
35249	Information about medicines
84290	Sale of medical equipment
35255	Health products
95830	Health products
95831	Health products
95832	Health products
95833	Health products
100201	Anti-cold and antiviral drugs
95776	Anti-cold and antiviral drugs
95775	Anti-cold and antiviral drugs
95777	Anti-cold and antiviral drugs
100046	Antibacterial (including. Antibiotics), antimicrobic preparations
100047	Antihistamines
95733	Antihistamines
95732	Antihistamines
95734	Antihistamines
100048	For the treatment of nicotine and alcohol addiction
95764	For the treatment of nicotine and alcohol addiction
95763	For the treatment of nicotine and alcohol addiction
95765	For the treatment of nicotine and alcohol addiction
100202	Vitamins and dietary supplements
95739	Vitamins and dietary supplements
95737	Vitamins and dietary supplements
95745	Vitamins and dietary supplements
100049	Gynecological preparations
95757	Gynecological preparations
95756	Gynecological preparations
95758	Gynecological preparations
100050	For potency and libido
95768	For potency and libido
95767	For potency and libido
95769	For potency and libido
102848	Ophthalmic drugs
100203	Gastroenterological and hepatological drugs
95753	Gastroenterological and hepatological drugs
95752	Gastroenterological and hepatological drugs
95754	Gastroenterological and hepatological drugs
100051	Urological drugs
100052	Sedatives
100053	Psychoneurological drugs
100054	Cardiovascular drugs
102849	Dental products
95785	Dental products
95786	Dental products
95784	Dental products
100055	Pain relievers and anti-inflammatories
95773	Pain relievers and anti-inflammatories
95774	Pain relievers and anti-inflammatories
95772	Pain relievers and anti-inflammatories
103065	Anesthetics
100056	Preparations for varicose veins and venous diseases
100204	Orthopedic goods
100205	Hormonal and endocrine drugs
100057	Hemorrhoids drugs
100058	Antifungal drugs
100206	Dermatological drugs
95760	Dermatological preparations
95759	Dermatological preparations
95761	Dermatological preparations
100059	Slimming products
95781	Slimming products
95782	Slimming products
95780	Slimming products
100060	Hematological drugs
103066	Cancer drugs
102850	Antiparasitic drugs
35257	
35267	Mobile Accessories
140579	Mobile Accessories
140580	Mobile Accessories
140581	Mobile Accessories
35269	Mobile operators
27608	Mobile operators
27609	Mobile operators
27610	Mobile operators
100207	Mobile Phones
96263	Mobile Phones
96262	Mobile Phones
136803	Mobile Phones
136804	Mobile Phones
136805	Mobile Phones
136806	Mobile Phones
138575	Mobile Phones
136808	Mobile Phones
136809	Mobile Phones
136810	Mobile Phones
136811	Mobile Phones
136812	Mobile Phones
136813	Mobile Phones
102851	Spare parts for mobile phones
35259	Information about mobile phones
35261	Mobile Applications
100208	iPhone
35231	Tablet accessories
100210	Radio communications
35270	
35278	Residential property rental
100259	Real estate database
102172	Real estate database
14443	Real estate database
14326	Real estate database
15034	Real estate database
14445	Real estate database
35273	Business (commercial) estate
96199	Business (commercial) estate
15029	Business (commercial) estate
14893	Business (commercial) estate
14919	Business (commercial) estate
15014	Business (commercial) estate
35274	Estate abroad
139519	Estate abroad
103068	Other services
35277	Real estate agency
102171	Real estate agency
14330	Real estate agency
14323	Real estate agency
14879	Real estate agency
14762	Real estate agency
100260	Layouts of the apartment
102214	
136814	Apartment purchase / Moscow
136548	Apartment purchase / Moscow
136549	Apartment purchase / Moscow
136550	Apartment purchase / Moscow
136551	Apartment purchase / Moscow
136552	Apartment purchase / Moscow
136553	Apartment purchase / Moscow
136554	Apartment purchase / Moscow
136555	Apartment purchase / Moscow
136556	Apartment purchase / Moscow
136557	Apartment purchase / Moscow
136558	Apartment purchase / Moscow
136559	Apartment purchase / Moscow
136560	Apartment purchase / Moscow
136561	Apartment purchase / Moscow
136562	Apartment purchase / Moscow
136563	Apartment purchase / Moscow
136564	Apartment purchase / Moscow
136565	Apartment purchase / Moscow
136566	Apartment purchase / Moscow
136567	Apartment purchase / Moscow
136568	Apartment purchase / Moscow
136569	Apartment purchase / Moscow
136570	Apartment purchase / Moscow
136571	Apartment purchase / Moscow
136572	Apartment purchase / Moscow
136816	Apartment purchase / Moscow region
136600	Apartment purchase / Moscow region
136601	Apartment purchase / Moscow region
136602	Apartment purchase / Moscow region
136603	Apartment purchase / Moscow region
136604	Apartment purchase / Moscow region
136605	Apartment purchase / Moscow region
136606	Apartment purchase / Moscow region
136607	Apartment purchase / Moscow region
136608	Apartment purchase / Moscow region
136609	Apartment purchase / Moscow region
136610	Apartment purchase / Moscow region
136611	Apartment purchase / Moscow region
136612	Apartment purchase / Moscow region
136613	Apartment purchase / Moscow region
136614	Apartment purchase / Moscow region
136615	Apartment purchase / Moscow region
136616	Apartment purchase / Moscow region
136617	Apartment purchase / Moscow region
136618	Apartment purchase / Moscow region
136619	Apartment purchase / Moscow region
136620	Apartment purchase / Moscow region
136621	Apartment purchase / Moscow region
136622	Apartment purchase / Moscow region
136623	Apartment purchase / Moscow region
136624	Apartment purchase / Moscow region
136815	Apartment purchase / St. Petersburg
136574	Apartment purchase / St. Petersburg
136575	Apartment purchase / St. Petersburg
136576	Apartment purchase / St. Petersburg
136577	Apartment purchase / St. Petersburg
136578	Apartment purchase / St. Petersburg
136579	Apartment purchase / St. Petersburg
136580	Apartment purchase / St. Petersburg
136581	Apartment purchase / St. Petersburg
136582	Apartment purchase / St. Petersburg
136583	Apartment purchase / St. Petersburg
136584	Apartment purchase / St. Petersburg
136585	Apartment purchase / St. Petersburg
136586	Apartment purchase / St. Petersburg
136587	Apartment purchase / St. Petersburg
136588	Apartment purchase / St. Petersburg
136589	Apartment purchase / St. Petersburg
136590	Apartment purchase / St. Petersburg
136591	Apartment purchase / St. Petersburg
136592	Apartment purchase / St. Petersburg
136593	Apartment purchase / St. Petersburg
136594	Apartment purchase / St. Petersburg
136595	Apartment purchase / St. Petersburg
136596	Apartment purchase / St. Petersburg
136597	Apartment purchase / St. Petersburg
136598	Apartment purchase / St. Petersburg
103069	Urban estate
95688	Urban estate
95691	Urban estate
95686	Urban estate
95687	Urban estate
95685	Urban estate
100261	Economy-type budget
95728	Economy-type budget
95727	Economy-type budget
95731	Economy-type budget
95729	Economy-type budget
95730	Economy-type budget
100262	Medium budget
95700	Medium budget
95699	Medium budget
95711	Medium budget
95701	Medium budget
95705	Medium budget
100263	Elite estate
95714	Elite estate
95713	Elite estate
95717	Elite estate
95715	Elite estate
95716	Elite estate
102852	Resale property
102215	
35272	Country estate
96198	Country estate
14292	Country estate
14399	Country estate
14328	Country estate
14327	Country estate
102853	Economy-type budget
102768	Economy-type budget
14374	Economy-type budget
14375	Economy-type budget
14376	Economy-type budget
102769	Economy-type budget
102854	Medium budget
102770	Medium budget
14351	Medium budget
14352	Medium budget
14353	Medium budget
14460	Medium budget
102855	Premium
102771	Premium
14381	Premium
14382	Premium
14407	Premium
102772	Premium
100014	Resale property
35280	
102217	
35287	Colleges & University 
96187	Colleges & University 
96186	Colleges & University 
35282	Distance learning
35288	Foreign language courses
96197	Foreign language courses
96196	Foreign language courses
35281	Business Education
96179	Business Education
96180	Business Education
35283	Interested in preschool education
84284	Colleges & University 
102856	Interested in correctional education
136762	Interested in correctional education
100264	Pupils of primary and secondary schools
35284	Study abroad
100265	Tutoring
84285	Postgraduate studies, dissertations
100266	Computer courses
84283	Training Centers
102857	Internships
100267	Standardized testing and exams
102218	
35286	Resources for teachers
100268	Course works and thesis
35285	Educational resources
100269	Educational Resources - Biology
100270	Educational Resources - History
100271	Educational Resources - Mathematics
100296	Educational Resources - Presentations
100345	Educational Resources - Russian Language and Literature
100346	Educational Resources - Physics
100347	Educational Resources - Chemistry
100348	Essays and finished homework
35289	
102858	Atelier

102859	Dry cleaners
35309	Clothing hypermarkets
95438	Clothing hypermarkets
95436	Clothing hypermarkets
95437	Clothing hypermarkets
35290	Fashion and couturiers
102219	
35315	Bags and luggage
95525	Bags and luggage
95524	Bags and luggage
95523	Bags and luggage
102154	Bags and luggage
102155	Bags and luggage
35501	Watch
95527	Watch
95528	Watch
95529	Watch
102156	Watch
102157	Watch
35500	Jewelry
95464	Jewelry
95465	Jewelry
95467	Jewelry
95466	Jewelry
102150	Jewelry
35294	Hats
35312	Glasses and frames
35318	Scarves and shawls
35292	Bijouterie
35291	Other accessories
102220	
35308	Shoes
102151	Shoes
95518	Shoes
95517	Shoes
35298	Women's shoes
35297	Women's boots
35305	Men's shoes
35300	Winter shoes
100016	Men's boots
102221	
102860	Brand clothes
35314	Wedding and evening dresses
35311	Leather and fur clothing
95521	Leather and fur clothing
95520	Leather and fur clothing
102153	Leather and fur clothing
35316	Uniforms and work clothes
35301	Swimwear
35180	Clothes for pregnant women
84293	Home clothes and footwear
35299	Womens clothing
35293	Women's outerwear
35317	Women's T-shirts
35310	Plus size women's clothing
35307	Women underwear
35313	Women's dresses
35319	Women's skirts and trousers
35295	Women's cardigans and sweaters
35296	Women's shirts and tunics
100349	Women's suits and jumpsuits
35306	Mens clothing
35304	Men's suits and jackets
35303	Men's jumpers, cardigans and sweaters
35302	Men's trousers
100350	Men's outerwear
100351	Plus size mens clothing
100352	Men's T-Shirts
100353	Men's underwear
100354	Men's shirts and shirts
102170	
35357	Shopping and entertainment complexes
96206	Shopping and entertainment complexes
35368	Discounts and promotions
100360	Intimate goods stores
35212	Department Stores
14265	Department Stores
14882	Department Stores
14819	Department Stores
35211	Free classifieds sites
100388	Online store aggregators
35331	Shopping abroad
35209	Services for buyers
35320	
100355	Engineering resources
100356	Space technology
100357	Military industry
35321	Mining and metallurgical industry
35328	Industrial materials and equipment
96185	Industrial materials and equipment
35325	Agriculture and forestry
96184	Agriculture and forestry
102861	Enterprise Technologies
35326	Chemical industry
35327	Electronics and electrical engineering
84272	Energy
35322	Instrumentation
102862	Car service equipment
84273	Professional cleaning equipment
138114	Industrial pipes and pipeline elements
138113	Pneumatic and compressor equipment
138116	Gas equipment
138117	Hydraulic equipment and tools
138118	Drilling equipment
138115	Alternative energy sources
35324	Welding equipment
102222	
100358	Writing and Editing
35443	Printing Services
84282	Publishers
35334	
100359	Job Database
27602	Job Database
27603	Job Database
27604	Job Database
84288	Resume and portfolio
102863	Recruiting agencies
35337	Freelance
102224	
35435	Accounting services
102138	Accounting services
35451	Human Resources Managers, HR
35454	Legal services
35438	Top managers, business owners, individual entrepreneurs
35441	Middle and senior managers
35447	Office staff
35449	Small business office employees
35450	Medium business office employees
35448	Employees of large business
35338	
35347	Leisure
100361	Psychics, astrologers, fortune-tellers
35356	Restaurants, bars, night clubs
96211	Рестораны, бары, ночные клубы
96210	Рестораны, бары, ночные клубы
35372	Women content
100362	Entertainment portals
35340	Personal growth
35380	Horoscopes, dream books and other mysticism
100367	Tests
102225	
100368	Audio and video stores
100369	Music and radio online
100370	Movies
35373	TV Show Sites, TV Programs
35348	Fans of audiobooks
35375	TV online
102226	
100373	Architecture
35349	Painting
35345	Cinema
35346	Literature
100374	Classical music
100375	Dance
35361	Theatre
35503	3D design
102864	Video editing
100376	Musical instruments
138369	Musical instruments
138370	Musical instruments
136634	Musical instruments
136633	Musical instruments
136632	Musical instruments
100377	Poetry literature
100378	Resources for Composers
100379	Home Printing
100380	Drawing lessons
100381	Sheet music and songbooks
100382	Lyrics and chords
102227	
35364	Bookstores
96209	Bookstores
96208	Bookstores
96201	Bookstores
100383	Libraries
100017	Fiction
102865	Non-fiction
100018	Business literature
100019	Educational literature
102866	Literature in foreign languages
102867	Second-hand books
35332	Women's magazines
100384	Online Libraries
100385	Interesting facts
100386	Quotes and aphorisms
102228	
35341	Events
96204	Events
96205	Events
96200	Events
35352	Cinema
35354	Exhibitions and museums
35355	Concerts
100387	Theatre
35363	Buying tickets online
102868	Beauty contests
102229	
84271	Organization of holidays
35365	Gifts
96216	Gifts
96215	Gifts
96214	Gifts
35353	Flower delivery
84270	Products for the holiday
100389	Postcards, congratulations, toasts
102231	
100393	Armament and army
100394	Collecting
90163	Comics and animation
100395	Modeling
35351	Hunting
100396	Radio electronics
100397	Crafts
35360	Needlework
140592	Needlework
35358	Fishing 
35362	Photo resources
35509	Photoshop users
100398	Astronomy
100399	Treasure hunt
100400	Houseplants
100401	Knives
35350	Numismatics
102176	
35452	SEO
35442	Online advertising
35436	Web development and web design services
95372	Web development and web design services
102139	Web development and web design services
102869	Business souvenirs
100402	Brand management
35440	Marketing
102870	Public relations
100403	Referral and affiliate programs
100404	Marketing and Advertising
100405	Public Opinion Research
35158	
102232	
35160	Parenting
100406	Pedigrees and genealogy
100407	Wedding
35159	Pregnancy
100408	Fairy tale Libraries
35161	Choosing a name for a child
100409	Cartoons
102233	
35167	Children's hypermarkets
95532	Children's hypermarkets
95531	Children's hypermarkets
35177	Pregnant women
35179	Products for newborns
35176	Clothes and footwear for newborns
35170	Children's clothing
35173	Children's footwear
35163	Accessories for children's clothing
35175	Clothes for boys
35166	Outerwear for boys
35174	Clothes for girls
35165	Outerwear for girls
84292	Sportswear for children
35178	Goods for children's sports and recreation
103061	Children's textiles
35169	Children's furniture
140573	
103062	Children's room accessories
35172	Strollers
35162	Car seats
103063	Accessories for strollers and car seats
35181	School supplies
103058	Children's development and creativity
103053	Children's literature
103064	Electronics for children
35171	Toys and games buyers
95536	Toys and games buyers
102158	Toys and games buyers
35168	Baby food buyers
95960	Baby food buyers
95538	Baby food buyers
35164	Feeding accessories
100410	Children's cosmetics and hygiene
95534	Children's cosmetics and hygiene
96259	Children's cosmetics and hygiene
35369	
35378	Tabloids
35374	TV viewers
100411	News
35370	Weather
100412	Regional portals
35377	Lifestyle publications
35382	
102234	
35083	Auto and motor sports
35388	Winter sports
35389	Summer sports
35371	Sports news and broadcasts
35398	Sports communities
35376	Football
35397	Extreme sport
35383	Body-building
35387	Martial Arts
100414	Mind sports
102235	
35384	Bicycles
100415	Hunting equipment
35402	Fishing equipment
35399	Sports nutrition
35390	Sports shops
95793	Sports shops
95792	Sports shops
95791	Sports shops
100416	Products for extreme sports
35400	Fitness equipment
95796	Fitness equipment
95797	Fitness equipment
95798	Fitness equipment
35407	Tourist equipment
95800	Tourist equipment
95801	Tourist equipment
95802	Tourist equipment
35386	Tickets for sporting events
35406	Sportswear and footwear
95788	Sportswear and footwear
95790	Sportswear and footwear
95789	Sportswear and footwear
35403	Sports Equipment
100417	Outfit
102871	Billiards
100418	Bicycle accessories
35405	Sportswear for women
35404	Sports shoes for women
100419	Sportswear for men
100420	Sports shoes for men
102236	
35391	Bookmaker offices
35385	Yoga and Pilates
35401	Personal trainers and training programs
35392	Saunas and Pools
35393	Sport sections
35394	Gyms and health clubs
35395	Dance schools
35408	
35410	Auto insurance
138120	Auto insurance
138123	Auto insurance
102936	Life insurance
100002	Personal and Health Insurance
138121	Personal and Health Insurance
100003	Property Insurance
100004	Travel insurance
100413	Insurance Company
96227	Insurance Company
96226	Insurance Company
96225	Insurance Company
96224	Insurance Company
102248	Insurance Company
96223	Insurance Company
96222	Insurance Company
35411	
35429	Construction hypermarkets
102250	Construction hypermarkets
102251	Construction hypermarkets
102237	
138392	Gas powered tools
35433	Power tools
138388	Power tools
138389	Power tools
138390	Power tools
138391	Power tools
138394	Power tools
138395	Power tools
138396	Power tools
138398	Power tools
138403	Power tools
100436	Equipment rent
100437	Hand tools
138397	Woodworking tool
138399	Fitter's tool
100438	Measuring tools
138393	Measuring tools
138400	Measuring tools
100439	Consumables for the tool
100440	Pneumatic and power technology
138401	Sharpening and grinding of cutting tools
102238	
35414	Architectural services
102872	Urban and regional planning
35412	Renovation and design information
100441	Building regulations, standarts
35413	Finishing work
35417	Construction services
140588	Construction services
96229	Construction services
96230	Construction services
102239	
35419	Entrance doors
35422	Interior doors
14312	Interior doors
14810	Interior doors
14313	Interior doors
14832	Interior doors
14842	Interior doors
14805	Interior doors
14281	Interior doors
35423	Pool and sauna equipment
35424	Windows and glazing
15042	Windows & glazing
14272	Windows & glazing
14278	Windows & glazing
14837	Windows & glazing
14872	Windows & glazing
14787	Windows & glazing
14257	Windows & glazing
35431	Hardware stores
96233	Hardware stores
96232	Hardware stores
35323	Heating and water supply equipment
35418	Plumbing fittings
35421	Materials for outdoor decoration
100442	Hardware
139522	Stretch ceiling
35425	Decoration Materials
139521	Decoration Materials
35427	Floors
35432	Products for electrical installation
100443	Construction trivia
140583	Fences
140584	Lumber and Timber
140585	Sand and crushed stone
35469	
102240	
35473	Reviews and Blogs
35474	Travel guides
84289	Travel Guides - Thailand
100444	Travel Guides - Finland
102241	
35484	Travel agencies and tour databases
95857	Travel agencies and tour databases
95858	Travel agencies and tour databases
95859	Travel agencies and tour databases
100445	Tours to resort countries
35478	Tours in Europe
35479	Tours in Russia
35483	Exotic countries
35480	Extreme tourism
102873	Tours to Belarus
35482	Tours to the south of Russia and to Abkhazia
100446	Crimea tours
35476	Children's rest
102242	
35485	Hotels
35475	Flights and airlines
95852	Flights and airlines
95851	Flights and airlines
95849	Flights and airlines
100447	Bus tickets
35487	Travel accessories
35481	Visas and passports
35488	Railway connection
35471	Cruises
102180	Cruises
95855	Cruises
95854	Cruises
35156	Passenger Transportation
102203	Passenger Transportation
102198	Passenger Transportation
102188	Passenger Transportation
35333	Taxi clients
35472	Daily rent
100448	Car rental
35486	Air and railway ticket offices
35470	Recreation centers
35489	
35497	Mortgage
96242	Mortgage
96241	Mortgage
35495	Forex 
96238	Forex 
96239	Forex 
35490	Banking services
96236	Banking services
96235	Banking services
96234	Banking services
100449	Exchanges and funds
136709	Investments
84311	Invest services
136717	Mutual investment funds
35492	Information about financial institutions
35498	Loans
96245	Loans
96246	Loans
100450	Pawnshops
35444	Market information, quotes
84310	Money transfer systems
15048	Money transfer systems
35491	Electronic payment systems
102874	Financial pyramids
76132	Cryptocurrencies
35496	Checking and Savings
35493	Pension funds
100451	Loans
100452	Car loans
103074	Credit Cards
136713	Settlement and cash services
100011	For business
102177	
35343	Food delivery
95944	Food delivery
95942	Food delivery
95943	Food delivery
100462	Foodstuffs

95948	
95946	
95947	
35339	Food manufacturers
102247	Food manufacturers
102246	Food manufacturers
95951	Food manufacturers
95950	Food manufacturers
35359	Cooking and recipes
102876	Cooking lessons
35367	Promotions
95953	Promotions
84274	Fast foods and canteens
84275	Alcohol and tobacco
140576	Alcohol and tobacco
139525	Alcohol and tobacco
35502	
102243	
100463	Browsers
100464	Security and Antiviruses
102878	Database
35508	Licensed software
96251	Licensed software
96252	Licensed software
100465	Device Drivers
35510	Free software
100466	Multimedia software
99996	Educational software
35505	OS
35506	Business and office software
96256	Business and office software
96257	Business and office software
100467	Utilities and Supporting Software
102244	
35208	Providers
27614	Providers
27615	Providers
27616	Providers
100468	Counters
100469	Hosting
102245	
102881	Blogs
35206	Web applications and online tools
35207	Messengers
100470	Catalogs
100471	Search engines
102882	Email
100005	File, photo and video hosting
35210	Questions and answers
100472	Forums
35511	Resources for programmers
35512	IT news
100473	SQL and databases
35504	Website layout and programming
100474	Communities for professional communication
35507	System administration
35513	Custom software development
